{
  "manifest-bundle.zip": 1604403062065,
  "manifest.json": 1604403062611,
  "util/formatter.js": 1603972423000,
  "model/models.js": 1603028116000,
  "controller/Main.controller.js": 1603995327000,
  "Component.js": 1603028116000,
  "i18n/i18n.properties": 1603130223000,
  "Component-preload.js": 1604403062507,
  "Component-dbg.js": 1603028116000,
  "model/models-dbg.js": 1603028116000,
  "controller/Main-dbg.controller.js": 1603995327000,
  "util/formatter-dbg.js": 1603972423000,
  "resources.json": 1604403062614,
  "view/Main.view.xml": 1604066444000,
  "fragments/Item.fragment.xml": 1603993596000,
  "css/style.css": 1603028116000,
  "index.html": 1603126928000
}